{
    "interactionModel": {
        "languageModel": {
            "invocationName": "quiz lah",
            "modelConfiguration": {
                "fallbackIntentSensitivity": {
                    "level": "LOW"
                }
            },
            "intents": [
                {
                    "name": "AMAZON.FallbackIntent",
                    "samples": []
                },
                {
                    "name": "AMAZON.CancelIntent",
                    "samples": []
                },
                {
                    "name": "AMAZON.HelpIntent",
                    "samples": []
                },
                {
                    "name": "AMAZON.StopIntent",
                    "samples": []
                },
                {
                    "name": "AnswerIntent",
                    "slots": [
                        {
                            "name": "Answer",
                            "type": "Answer"
                        }
                    ],
                    "samples": [
                        "the answer is {Answer}",
                        "my answer is {Answer}",
                        "is it {Answer}",
                        "{Answer} is my answer",
                        "{Answer}"
                    ]
                },
                {
                    "name": "DontKnowIntent",
                    "slots": [],
                    "samples": [
                        "i don't know",
                        "don't know",
                        "i don't know that one",
                        "dunno",
                        "skip",
                        "i don't know that",
                        "who knows",
                        "i don't know this question"
                    ]
                },
                {
                    "name": "AMAZON.StartOverIntent",
                    "samples": [
                        "start game",
                        "new game",
                        "start",
                        "start new game"
                    ]
                },
                {
                    "name": "AMAZON.RepeatIntent",
                    "samples": []
                },
                {
                    "name": "AMAZON.YesIntent",
                    "samples": []
                },
                {
                    "name": "AMAZON.NoIntent",
                    "samples": []
                },
                {
                    "name": "OneOrTwoIntent",
                    "slots": [
                        {
                            "name": "oneOrTwo",
                            "type": "OneOrTwo"
                        }
                    ],
                    "samples": [
                        "{oneOrTwo} of us",
                        "{oneOrTwo} players",
                        "{oneOrTwo}"
                    ]
                },
                {
                    "name": "AMAZON.NavigateHomeIntent",
                    "samples": []
                }
            ],
            "types": [
                {
                    "name": "Answer",
                    "values": [
                        {
                            "id": "MOVIE_5",
                            "name": {
                                "value": "money no enough",
                                "synonyms": [
                                    "no enough money"
                                ]
                            }
                        },
                        {
                            "id": "MOVIE_4",
                            "name": {
                                "value": "ilo ilo"
                            }
                        },
                        {
                            "id": "MOVIE_3",
                            "name": {
                                "value": "the ghosts must be crazy",
                                "synonyms": [
                                    "ghosts crazy"
                                ]
                            }
                        },
                        {
                            "id": "MOVIE_2",
                            "name": {
                                "value": "i not stupid",
                                "synonyms": [
                                    "not stupid"
                                ]
                            }
                        },
                        {
                            "id": "MOVIE_1",
                            "name": {
                                "value": "ah boys to men",
                                "synonyms": [
                                    "ah boy to man"
                                ]
                            }
                        },
                        {
                            "id": "SONG_5",
                            "name": {
                                "value": "room at the table"
                            }
                        },
                        {
                            "id": "SONG_4",
                            "name": {
                                "value": "i wouldn't know any better than you",
                                "synonyms": [
                                    "any better than you"
                                ]
                            }
                        },
                        {
                            "id": "SONG_3",
                            "name": {
                                "value": "singapore town"
                            }
                        },
                        {
                            "id": "SONG_2",
                            "name": {
                                "value": "save my world"
                            }
                        },
                        {
                            "id": "SONG_1",
                            "name": {
                                "value": "home",
                                "synonyms": [
                                    "this is home"
                                ]
                            }
                        },
                        {
                            "id": "PHRASE_7.D",
                            "name": {
                                "value": "fancy",
                                "synonyms": [
                                    "expensive"
                                ]
                            }
                        },
                        {
                            "id": "PHRASE_7.C",
                            "name": {
                                "value": "cheap"
                            }
                        },
                        {
                            "id": "PHRASE_7.B",
                            "name": {
                                "value": "friendly"
                            }
                        },
                        {
                            "id": "PHRASE_7.A",
                            "name": {
                                "value": "reasonable"
                            }
                        },
                        {
                            "id": "PHRASE_6.D",
                            "name": {
                                "value": "joyful"
                            }
                        },
                        {
                            "id": "PHRASE_6.C",
                            "name": {
                                "value": "invasion"
                            }
                        },
                        {
                            "id": "PHRASE_6.B",
                            "name": {
                                "value": "greeting",
                                "synonyms": [
                                    "hello",
                                    "greetings"
                                ]
                            }
                        },
                        {
                            "id": "PHRASE_6.A",
                            "name": {
                                "value": "fortunate"
                            }
                        },
                        {
                            "id": "PHRASE_5.D",
                            "name": {
                                "value": "awkward"
                            }
                        },
                        {
                            "id": "PHRASE_5.C",
                            "name": {
                                "value": "lucky"
                            }
                        },
                        {
                            "id": "PHRASE_5.B",
                            "name": {
                                "value": "touch wood",
                                "synonyms": [
                                    "touchwood"
                                ]
                            }
                        },
                        {
                            "id": "PHRASE_5.A",
                            "name": {
                                "value": "embarrassed",
                                "synonyms": [
                                    "shy"
                                ]
                            }
                        },
                        {
                            "id": "PHRASE_4.D",
                            "name": {
                                "value": "discouraged",
                                "synonyms": [
                                    "discourage"
                                ]
                            }
                        },
                        {
                            "id": "PHRASE_4.C",
                            "name": {
                                "value": "disappointed",
                                "synonyms": [
                                    "disappoint"
                                ]
                            }
                        },
                        {
                            "id": "PHRASE_4.B",
                            "name": {
                                "value": "enlightening",
                                "synonyms": [
                                    "enlighten"
                                ]
                            }
                        },
                        {
                            "id": "PHRASE_4.A",
                            "name": {
                                "value": "awesome"
                            }
                        },
                        {
                            "id": "PHRASE_3.D",
                            "name": {
                                "value": "disgusting",
                                "synonyms": [
                                    "disgust"
                                ]
                            }
                        },
                        {
                            "id": "PHRASE_3.C",
                            "name": {
                                "value": "entertaining",
                                "synonyms": [
                                    "entertain"
                                ]
                            }
                        },
                        {
                            "id": "PHRASE_3.B",
                            "name": {
                                "value": "exciting"
                            }
                        },
                        {
                            "id": "PHRASE_3.A",
                            "name": {
                                "value": "interesting",
                                "synonyms": [
                                    "interest"
                                ]
                            }
                        },
                        {
                            "id": "PHRASE_2.D",
                            "name": {
                                "value": "nervous"
                            }
                        },
                        {
                            "id": "PHRASE_2.C",
                            "name": {
                                "value": "tired"
                            }
                        },
                        {
                            "id": "PHRASE_2.B",
                            "name": {
                                "value": "terrible"
                            }
                        },
                        {
                            "id": "PHRASE_2.A",
                            "name": {
                                "value": "delicious"
                            }
                        },
                        {
                            "id": "PHRASE_1.D",
                            "name": {
                                "value": "entertained"
                            }
                        },
                        {
                            "id": "PHRASE_1.C",
                            "name": {
                                "value": "surprised"
                            }
                        },
                        {
                            "id": "PHRASE_1.B",
                            "name": {
                                "value": "sad"
                            }
                        },
                        {
                            "id": "PHRASE_1.A",
                            "name": {
                                "value": "frustrated"
                            }
                        }
                    ]
                },
                {
                    "name": "OneOrTwo",
                    "values": [
                        {
                            "name": {
                                "value": "two"
                            }
                        },
                        {
                            "name": {
                                "value": "one"
                            }
                        }
                    ]
                }
            ]
        }
    }
}